order_id,order_date,rep,region,product,quantity,unit_price,discount
ORD-0001,2023-07-15,Carlos,West,Mouse,19,157.15,0.1
ORD-0002,2024-12-16,Eve,East,Keyboard,6,1033.65,0.1
ORD-0003,2024-12-26,Frank,South,Webcam,17,848.65,0
ORD-0004,2024-07-06,Alice,North,Headset,12,694.73,0.05
ORD-0005,2024-12-06,Alice,West,Laptop,8,1029.62,0.05
ORD-0006,2023-11-19,Eve,South,Webcam,4,592.84,0.2
ORD-0007,2024-10-31,Diana,South,Desk,2,837.43,0
ORD-0008,2023-05-20,Alice,North,Mouse,12,847.23,0
ORD-0009,2023-12-16,Eve,East,Monitor,19,1286.64,0.05
ORD-0010,2024-11-07,Frank,North,Laptop,20,579.94,0
ORD-0011,2023-07-26,Carlos,West,Headset,14,534.73,0.2
ORD-0012,2023-02-17,Carlos,West,Webcam,7,394.41,0.1
ORD-0013,2024-03-27,Carlos,South,Keyboard,19,1091.24,0
ORD-0014,2024-02-10,Eve,North,Laptop,20,1261.87,0.15
ORD-0015,2023-10-30,Alice,North,Headset,10,1413.12,0.15
ORD-0016,2024-12-22,Bob,South,Desk,9,27.4,0
ORD-0017,2023-01-08,Diana,West,Headset,13,477.79,0.1
ORD-0018,2024-05-07,Diana,West,Desk,10,1237.36,0.05
ORD-0019,2024-06-28,Carlos,West,Laptop,12,1353.16,0.15
ORD-0020,2023-04-28,Frank,East,Headset,1,1137.31,0.15
ORD-0021,2023-01-24,Frank,North,Webcam,4,773.86,0.05
ORD-0022,2024-10-30,Alice,West,Monitor,20,567.22,0.05
ORD-0023,2024-12-17,Diana,West,Mouse,13,780.03,0
ORD-0024,2024-10-26,Frank,North,Desk,13,1344.39,0.2
ORD-0025,2024-07-13,Diana,East,Headset,3,28.32,0.15
ORD-0026,2023-03-29,Alice,East,Keyboard,10,110.63,0
ORD-0027,2023-10-04,Carlos,East,Mouse,19,881.51,0.2
ORD-0028,2024-03-21,Alice,East,Monitor,18,781.15,0.15
ORD-0029,2024-11-12,Bob,South,Monitor,20,908.01,0.05
ORD-0030,2024-09-04,Diana,North,Keyboard,17,390.08,0.2
ORD-0031,2023-09-21,Diana,South,Mouse,17,1023.54,0.2
ORD-0032,2024-03-08,Diana,West,Webcam,16,981.55,0.05
ORD-0033,2023-08-20,Frank,West,Monitor,12,378.36,0
ORD-0034,2024-04-04,Carlos,South,Laptop,12,244.58,0.1
ORD-0035,2023-08-04,Alice,West,Keyboard,4,679.5,0.05
ORD-0036,2024-11-27,Alice,West,Desk,14,804.11,0
ORD-0037,2023-03-08,Bob,East,Chair,7,668.46,0.15
ORD-0038,2023-09-13,Alice,North,Laptop,16,337.52,0.15
ORD-0039,2023-11-17,Diana,East,Monitor,14,165.62,0.2
ORD-0040,2024-11-14,Diana,East,Mouse,4,562.69,0
ORD-0041,2023-05-25,Eve,East,Keyboard,14,166.5,0.1
ORD-0042,2024-03-26,Frank,South,Keyboard,20,1374.56,0
ORD-0043,2023-03-14,Alice,North,Monitor,5,279.5,0.05
ORD-0044,2023-10-31,Frank,North,Laptop,5,1111.99,0.05
ORD-0045,2024-08-10,Alice,North,Keyboard,17,651.24,0.05
ORD-0046,2023-11-26,Diana,West,Webcam,19,1350.57,0
ORD-0047,2023-08-08,Eve,North,Webcam,8,898.94,0.1
ORD-0048,2023-10-13,Diana,East,Laptop,15,1168.15,0
ORD-0049,2024-06-16,Carlos,West,Keyboard,8,75.68,0
ORD-0050,2024-10-27,Alice,West,Monitor,14,338.95,0.05
ORD-0051,2023-02-17,Carlos,East,Chair,1,205.84,0.2
ORD-0052,2024-08-02,Carlos,North,Chair,19,1455.32,0.05
ORD-0053,2024-07-20,Diana,South,Webcam,9,1307.59,0
ORD-0054,2023-06-07,Frank,South,Webcam,11,227.22,0.05
ORD-0055,2023-10-11,Frank,South,Webcam,19,131.39,0.2
ORD-0056,2024-08-27,Carlos,East,Webcam,10,681.09,0
ORD-0057,2023-11-16,Eve,North,Laptop,5,591.02,0.05
ORD-0058,2024-01-15,Bob,East,Mouse,4,779.75,0.1
ORD-0059,2024-11-02,Alice,East,Keyboard,15,72.06,0.15
ORD-0060,2024-05-22,Frank,South,Keyboard,15,462.93,0.1
ORD-0061,2023-08-22,Alice,North,Desk,17,1377.44,0.15
ORD-0062,2023-02-11,Alice,East,Mouse,17,1086.12,0.15
ORD-0063,2024-12-29,Frank,North,Keyboard,8,1481.02,0.05
ORD-0064,2024-11-02,Carlos,North,Laptop,9,1324.76,0.1
ORD-0065,2023-09-30,Carlos,South,Webcam,5,1412.91,0.2
ORD-0066,2023-01-11,Frank,South,Desk,6,1370.9,0.2
ORD-0067,2023-07-30,Diana,South,Chair,6,1038.01,0.2
ORD-0068,2023-02-14,Alice,West,Keyboard,8,1186.41,0.15
ORD-0069,2023-05-24,Alice,South,Laptop,11,981.18,0.15
ORD-0070,2024-05-06,Diana,West,Desk,10,934.83,0.2
ORD-0071,2024-02-22,Carlos,South,Laptop,1,76.36,0.05
ORD-0072,2023-11-12,Diana,South,Keyboard,10,352.24,0.2
ORD-0073,2024-03-13,Frank,South,Headset,9,531.62,0.05
ORD-0074,2023-08-30,Bob,South,Desk,11,848.95,0.05
ORD-0075,2024-08-05,Eve,North,Monitor,1,505.72,0
ORD-0076,2024-01-20,Frank,North,Chair,20,558.06,0.05
ORD-0077,2023-11-02,Bob,West,Laptop,16,61.09,0.05
ORD-0078,2023-02-23,Bob,South,Chair,3,221.51,0.05
ORD-0079,2024-01-24,Frank,East,Headset,12,790.23,0.1
ORD-0080,2024-09-26,Carlos,West,Webcam,18,1014.45,0.15
ORD-0081,2023-10-08,Bob,East,Laptop,10,706.27,0.05
ORD-0082,2023-01-08,Frank,East,Headset,9,850.4,0.05
ORD-0083,2024-07-11,Carlos,North,Headset,7,1249.94,0
ORD-0084,2023-04-13,Diana,South,Laptop,8,1270.71,0.05
ORD-0085,2024-01-04,Eve,West,Webcam,14,244.26,0.05
ORD-0086,2023-09-07,Eve,East,Headset,18,1072.26,0.2
ORD-0087,2023-03-14,Bob,South,Monitor,9,1484.42,0.1
ORD-0088,2024-05-16,Diana,East,Webcam,10,708.82,0.05
ORD-0089,2024-09-19,Carlos,West,Laptop,3,1113.43,0.2
ORD-0090,2024-04-08,Carlos,East,Monitor,15,1164.44,0.1
ORD-0091,2023-11-11,Alice,North,Laptop,4,763.59,0.05
ORD-0092,2023-08-06,Eve,South,Monitor,1,1083.86,0.05
ORD-0093,2023-02-14,Alice,North,Laptop,3,83.72,0.05
ORD-0094,2023-05-10,Bob,West,Webcam,10,416.81,0.05
ORD-0095,2023-05-14,Bob,West,Monitor,14,539.34,0
ORD-0096,2024-10-14,Diana,East,Keyboard,20,1210.77,0.2
ORD-0097,2023-12-20,Carlos,West,Desk,12,708.99,0.15
ORD-0098,2023-08-10,Frank,South,Desk,11,925.03,0.1
ORD-0099,2023-01-28,Eve,North,Headset,5,413.92,0.2
ORD-0100,2024-01-07,Frank,West,Laptop,4,1212.22,0
ORD-0101,2024-09-04,Bob,East,Webcam,12,505.22,0.15
ORD-0102,2024-12-13,Alice,East,Desk,14,569.07,0
ORD-0103,2024-01-13,Frank,West,Monitor,7,658.56,0.2
ORD-0104,2023-07-21,Carlos,East,Monitor,9,386.34,0.15
ORD-0105,2024-07-23,Bob,West,Keyboard,18,1048.95,0.1
ORD-0106,2024-11-12,Eve,West,Monitor,10,439.7,0.1
ORD-0107,2023-10-17,Alice,East,Headset,12,890.32,0.15
ORD-0108,2024-08-01,Frank,East,Monitor,8,1172.0,0.2
ORD-0109,2023-12-25,Alice,East,Chair,6,717.42,0.05
ORD-0110,2024-11-28,Frank,West,Monitor,6,964.4,0.15
ORD-0111,2024-12-03,Carlos,West,Mouse,9,1450.42,0.15
ORD-0112,2023-09-02,Frank,South,Desk,2,1043.24,0.15
ORD-0113,2023-04-25,Diana,South,Desk,11,696.02,0.15
ORD-0114,2024-08-03,Alice,North,Keyboard,3,427.07,0.2
ORD-0115,2024-11-24,Eve,East,Desk,3,752.53,0
ORD-0116,2023-10-24,Diana,South,Desk,5,709.52,0.15
ORD-0117,2024-09-03,Frank,North,Mouse,9,376.86,0.2
ORD-0118,2024-05-24,Carlos,East,Webcam,2,441.18,0.2
ORD-0119,2024-08-30,Alice,East,Desk,16,57.75,0.1
ORD-0120,2023-09-10,Diana,South,Chair,5,391.39,0.05
ORD-0121,2024-08-16,Carlos,North,Laptop,15,270.97,0.1
ORD-0122,2023-11-02,Eve,East,Webcam,13,376.55,0
ORD-0123,2024-11-11,Frank,West,Chair,4,251.47,0.2
ORD-0124,2023-04-03,Carlos,West,Chair,16,71.0,0.1
ORD-0125,2024-02-16,Frank,West,Monitor,1,346.01,0.2
ORD-0126,2023-11-23,Bob,East,Headset,9,793.08,0
ORD-0127,2024-08-14,Carlos,North,Monitor,4,426.91,0.2
ORD-0128,2023-05-04,Frank,East,Desk,7,144.2,0.2
ORD-0129,2023-08-14,Alice,North,Mouse,8,555.99,0.1
ORD-0130,2023-12-11,Frank,South,Keyboard,18,952.94,0.2
ORD-0131,2023-03-14,Diana,North,Mouse,16,1479.25,0
ORD-0132,2023-06-25,Frank,South,Webcam,1,988.32,0
ORD-0133,2024-08-20,Frank,North,Mouse,11,1421.61,0.15
ORD-0134,2023-08-08,Carlos,South,Webcam,7,929.16,0.2
ORD-0135,2024-04-11,Eve,East,Chair,8,471.76,0.15
ORD-0136,2023-07-01,Frank,West,Webcam,1,616.15,0.15
ORD-0137,2024-01-18,Alice,East,Keyboard,1,900.12,0.15
ORD-0138,2024-07-26,Frank,West,Monitor,4,244.16,0.05
ORD-0139,2023-10-20,Alice,West,Webcam,9,1136.69,0
ORD-0140,2023-11-26,Carlos,West,Monitor,7,1492.79,0.1
ORD-0141,2024-10-10,Diana,East,Chair,11,984.32,0.2
ORD-0142,2024-12-23,Diana,East,Laptop,18,1075.21,0.2
ORD-0143,2024-12-11,Bob,East,Laptop,17,903.79,0.05
ORD-0144,2024-04-04,Bob,East,Mouse,18,876.7,0.05
ORD-0145,2023-03-15,Carlos,South,Chair,2,680.26,0.2
ORD-0146,2024-12-26,Diana,South,Mouse,13,1008.79,0.05
ORD-0147,2024-07-02,Alice,West,Chair,8,876.34,0.15
ORD-0148,2023-11-26,Carlos,West,Keyboard,14,593.61,0.1
ORD-0149,2023-05-17,Bob,East,Monitor,7,48.46,0
ORD-0150,2023-11-20,Diana,West,Laptop,20,702.97,0.15
ORD-0151,2023-02-05,Frank,West,Keyboard,10,437.4,0.2
ORD-0152,2024-02-16,Eve,East,Laptop,13,1200.13,0
ORD-0153,2023-06-23,Bob,North,Webcam,17,930.9,0.1
ORD-0154,2024-02-11,Eve,West,Keyboard,13,961.73,0.2
ORD-0155,2023-05-16,Alice,West,Headset,3,210.06,0.2
ORD-0156,2023-11-11,Diana,East,Monitor,12,741.64,0
ORD-0157,2024-03-16,Alice,West,Desk,9,139.04,0.1
ORD-0158,2024-05-08,Frank,West,Mouse,10,811.63,0.2
ORD-0159,2024-12-07,Eve,South,Webcam,8,40.68,0
ORD-0160,2024-05-23,Bob,East,Mouse,11,352.04,0.1
ORD-0161,2024-06-09,Diana,North,Desk,4,1433.25,0.1
ORD-0162,2023-09-11,Diana,West,Chair,15,1484.28,0
ORD-0163,2024-11-11,Carlos,North,Desk,8,1419.38,0.05
ORD-0164,2024-05-24,Frank,West,Desk,15,943.82,0.05
ORD-0165,2023-04-06,Eve,West,Desk,9,1245.21,0.1
ORD-0166,2023-05-31,Carlos,West,Mouse,2,297.71,0.15
ORD-0167,2024-02-03,Diana,East,Headset,18,635.99,0
ORD-0168,2023-11-04,Diana,East,Mouse,3,1462.32,0.15
ORD-0169,2024-04-26,Diana,East,Laptop,12,678.71,0.15
ORD-0170,2023-02-02,Bob,North,Desk,4,1226.99,0.2
ORD-0171,2024-11-05,Frank,South,Headset,18,326.58,0.2
ORD-0172,2024-11-30,Carlos,West,Monitor,20,482.55,0.1
ORD-0173,2024-03-25,Frank,West,Monitor,19,531.53,0
ORD-0174,2024-02-27,Eve,West,Monitor,1,1356.7,0.2
ORD-0175,2024-10-08,Diana,South,Laptop,3,1159.54,0.05
ORD-0176,2023-06-25,Eve,South,Desk,9,1134.14,0.15
ORD-0177,2023-02-19,Frank,North,Webcam,2,1166.48,0.15
ORD-0178,2024-11-29,Eve,North,Headset,16,1031.91,0.15
ORD-0179,2024-05-20,Eve,East,Desk,12,305.26,0.1
ORD-0180,2023-04-17,Diana,East,Keyboard,12,530.78,0.05
ORD-0181,2023-10-15,Bob,North,Webcam,9,187.27,0.2
ORD-0182,2023-08-01,Eve,East,Keyboard,9,1209.26,0.05
ORD-0183,2023-01-02,Eve,West,Laptop,8,1334.5,0.05
ORD-0184,2024-11-20,Eve,South,Monitor,19,1231.38,0.2
ORD-0185,2023-04-02,Alice,South,Keyboard,16,453.97,0.2
ORD-0186,2024-12-02,Diana,East,Mouse,8,121.58,0.1
ORD-0187,2024-10-21,Carlos,West,Desk,6,483.04,0.05
ORD-0188,2024-09-14,Bob,West,Monitor,14,259.58,0.1
ORD-0189,2024-07-11,Carlos,West,Monitor,5,659.2,0.1
ORD-0190,2024-01-23,Carlos,South,Mouse,10,1064.14,0
ORD-0191,2023-12-31,Bob,South,Webcam,17,27.48,0.05
ORD-0192,2023-02-04,Frank,West,Mouse,5,975.31,0.2
ORD-0193,2023-12-16,Eve,North,Monitor,19,913.27,0.2
ORD-0194,2024-02-15,Frank,South,Webcam,14,271.14,0.2
ORD-0195,2024-03-26,Frank,East,Desk,8,911.99,0.2
ORD-0196,2023-07-24,Eve,North,Mouse,15,84.28,0.15
ORD-0197,2023-05-14,Frank,West,Mouse,10,113.91,0.1
ORD-0198,2024-12-20,Diana,North,Laptop,2,1334.83,0
ORD-0199,2024-12-07,Diana,West,Headset,12,634.21,0
ORD-0200,2023-03-27,Bob,North,Headset,10,578.43,0.15
ORD-0201,2024-01-26,Eve,East,Headset,15,238.93,0.1
ORD-0202,2023-08-01,Frank,North,Headset,3,1269.1,0.2
ORD-0203,2024-10-18,Bob,West,Headset,6,156.03,0.2
ORD-0204,2023-08-19,Bob,East,Headset,12,1453.94,0.05
ORD-0205,2024-12-17,Diana,West,Keyboard,6,1010.64,0.05
ORD-0206,2024-04-02,Eve,South,Desk,13,363.21,0
ORD-0207,2024-08-05,Diana,West,Mouse,2,585.05,0.05
ORD-0208,2023-01-25,Diana,East,Desk,9,1263.11,0.1
ORD-0209,2023-06-11,Frank,North,Keyboard,19,1032.56,0.05
ORD-0210,2023-04-17,Bob,West,Headset,14,1271.79,0.2
ORD-0211,2023-05-10,Eve,West,Webcam,4,694.46,0
ORD-0212,2024-05-09,Eve,East,Mouse,14,736.33,0.2
ORD-0213,2024-09-06,Carlos,East,Keyboard,18,612.13,0.1
ORD-0214,2023-10-29,Eve,East,Mouse,14,98.82,0
ORD-0215,2023-04-26,Bob,South,Webcam,8,844.78,0.05
ORD-0216,2024-10-16,Frank,South,Headset,17,456.1,0.2
ORD-0217,2024-02-24,Frank,South,Headset,6,499.1,0.05
ORD-0218,2024-08-27,Alice,West,Monitor,20,226.09,0.1
ORD-0219,2023-01-30,Frank,North,Webcam,13,240.45,0.1
ORD-0220,2023-02-18,Diana,South,Webcam,6,1179.72,0.2
ORD-0221,2023-05-17,Diana,West,Laptop,14,959.41,0.15
ORD-0222,2024-08-16,Carlos,North,Keyboard,20,51.16,0
ORD-0223,2023-10-31,Frank,West,Laptop,3,476.75,0
ORD-0224,2024-03-28,Eve,East,Keyboard,17,726.04,0.05
ORD-0225,2024-08-31,Alice,North,Desk,20,365.65,0.15
ORD-0226,2024-07-07,Eve,East,Monitor,13,77.59,0.2
ORD-0227,2024-11-23,Eve,South,Chair,1,304.22,0.15
ORD-0228,2024-08-27,Carlos,North,Chair,3,1375.62,0
ORD-0229,2024-09-26,Diana,West,Keyboard,1,722.48,0.15
ORD-0230,2023-12-29,Bob,South,Mouse,6,124.78,0
ORD-0231,2024-11-03,Bob,North,Laptop,1,941.08,0
ORD-0232,2024-09-01,Carlos,North,Laptop,13,1291.65,0.05
ORD-0233,2023-02-11,Diana,West,Chair,2,546.4,0.2
ORD-0234,2024-08-22,Diana,North,Webcam,17,210.92,0
ORD-0235,2023-11-16,Carlos,West,Mouse,13,1191.92,0.05
ORD-0236,2024-06-21,Frank,East,Laptop,1,393.25,0.1
ORD-0237,2024-06-07,Diana,South,Monitor,8,1133.54,0.15
ORD-0238,2024-04-20,Eve,West,Laptop,18,684.35,0.2
ORD-0239,2024-03-07,Eve,East,Keyboard,16,41.01,0.2
ORD-0240,2024-11-23,Alice,West,Keyboard,18,323.35,0.05
ORD-0241,2023-08-31,Diana,West,Webcam,14,865.98,0.1
ORD-0242,2024-06-03,Eve,East,Chair,11,817.1,0.15
ORD-0243,2023-10-17,Carlos,East,Chair,13,1449.28,0.15
ORD-0244,2024-08-24,Bob,East,Mouse,5,249.56,0.15
ORD-0245,2024-06-11,Bob,South,Webcam,18,839.66,0.15
ORD-0246,2023-01-21,Alice,East,Mouse,13,523.07,0.2
ORD-0247,2023-04-02,Frank,South,Monitor,18,199.4,0.2
ORD-0248,2024-09-01,Bob,East,Headset,13,1112.37,0
ORD-0249,2024-06-10,Diana,East,Monitor,9,676.0,0.2
ORD-0250,2024-05-17,Diana,South,Keyboard,2,1125.68,0.05
ORD-0251,2023-11-10,Diana,North,Headset,15,235.58,0.1
ORD-0252,2023-02-15,Eve,East,Webcam,9,231.4,0.15
ORD-0253,2023-02-01,Carlos,North,Chair,20,1334.49,0
ORD-0254,2023-09-23,Diana,East,Monitor,6,1404.25,0.1
ORD-0255,2024-09-22,Carlos,West,Chair,19,608.02,0.15
ORD-0256,2023-08-03,Bob,North,Laptop,17,927.51,0.05
ORD-0257,2024-07-14,Bob,North,Monitor,14,1451.96,0.15
ORD-0258,2023-08-23,Frank,North,Headset,18,155.2,0.05
ORD-0259,2023-05-09,Diana,South,Mouse,14,690.62,0
ORD-0260,2023-08-24,Alice,South,Desk,17,1122.47,0.1
ORD-0261,2023-10-16,Bob,North,Mouse,19,450.97,0
ORD-0262,2024-05-27,Bob,South,Keyboard,17,985.47,0.1
ORD-0263,2024-11-20,Frank,South,Keyboard,19,238.47,0.1
ORD-0264,2023-04-16,Diana,West,Webcam,11,331.96,0.05
ORD-0265,2024-07-29,Diana,North,Headset,6,120.4,0
ORD-0266,2023-02-07,Diana,South,Mouse,18,646.36,0.05
ORD-0267,2024-02-13,Eve,South,Chair,11,1138.82,0.2
ORD-0268,2024-05-11,Alice,East,Desk,6,178.29,0.1
ORD-0269,2024-04-26,Frank,North,Monitor,18,345.8,0.2
ORD-0270,2023-02-24,Bob,North,Chair,1,551.98,0.1
ORD-0271,2024-12-25,Diana,South,Headset,16,961.21,0.15
ORD-0272,2023-09-30,Diana,North,Chair,2,914.97,0
ORD-0273,2024-03-03,Carlos,South,Laptop,14,1208.34,0.05
ORD-0274,2024-08-05,Bob,West,Monitor,7,1125.06,0.05
ORD-0275,2023-01-03,Carlos,West,Mouse,8,1192.96,0.15
ORD-0276,2024-08-19,Bob,West,Headset,1,869.36,0.15
ORD-0277,2023-03-04,Bob,South,Keyboard,14,1334.57,0
ORD-0278,2024-07-04,Eve,North,Headset,1,699.23,0
ORD-0279,2024-03-08,Eve,East,Mouse,17,341.78,0
ORD-0280,2023-12-11,Diana,East,Monitor,1,279.41,0.2
ORD-0281,2023-09-28,Eve,East,Laptop,5,1481.03,0.05
ORD-0282,2024-05-29,Bob,West,Desk,17,466.29,0.05
ORD-0283,2023-12-26,Frank,North,Chair,12,1336.67,0.15
ORD-0284,2024-03-06,Diana,West,Desk,1,516.62,0
ORD-0285,2023-02-26,Diana,East,Mouse,13,520.87,0
ORD-0286,2023-09-05,Carlos,North,Headset,13,188.14,0.15
ORD-0287,2024-11-16,Alice,West,Laptop,2,1422.06,0.15
ORD-0288,2024-04-24,Carlos,East,Mouse,12,892.18,0
ORD-0289,2024-06-10,Eve,East,Webcam,2,1233.12,0.2
ORD-0290,2024-02-07,Bob,West,Laptop,16,200.43,0.05
ORD-0291,2023-12-04,Carlos,South,Monitor,10,851.8,0.15
ORD-0292,2024-11-08,Carlos,North,Monitor,8,1187.43,0.2
ORD-0293,2023-02-20,Bob,North,Webcam,5,819.72,0.2
ORD-0294,2024-01-12,Diana,North,Laptop,4,333.34,0.2
ORD-0295,2023-08-02,Diana,East,Laptop,20,1384.8,0.05
ORD-0296,2023-07-05,Diana,North,Keyboard,5,373.93,0.2
ORD-0297,2024-07-05,Diana,South,Desk,6,541.81,0.15
ORD-0298,2023-05-17,Diana,South,Laptop,10,1325.54,0.15
ORD-0299,2023-09-22,Frank,West,Chair,20,996.72,0.05
ORD-0300,2024-09-20,Diana,West,Monitor,14,1109.49,0.15
ORD-0301,2024-11-01,Alice,West,Webcam,12,1478.53,0.2
ORD-0302,2024-06-27,Bob,South,Monitor,3,794.65,0
ORD-0303,2024-09-18,Eve,North,Webcam,2,672.66,0.1
ORD-0304,2023-07-11,Carlos,West,Webcam,7,502.88,0.05
ORD-0305,2024-01-02,Eve,West,Chair,20,54.99,0.2
ORD-0306,2024-02-21,Bob,West,Desk,2,1349.82,0
ORD-0307,2023-05-23,Eve,North,Chair,6,462.6,0.1
ORD-0308,2024-05-08,Alice,North,Mouse,6,82.56,0
ORD-0309,2023-05-27,Frank,North,Desk,5,483.77,0.1
ORD-0310,2024-08-06,Eve,North,Desk,8,263.45,0.2
ORD-0311,2024-03-02,Bob,West,Laptop,16,1310.86,0.05
ORD-0312,2024-07-30,Carlos,South,Laptop,10,260.78,0.1
ORD-0313,2023-03-29,Carlos,South,Mouse,15,756.61,0.15
ORD-0314,2024-09-01,Alice,South,Mouse,2,1079.03,0.15
ORD-0315,2023-12-28,Frank,West,Mouse,12,1203.52,0.15
ORD-0316,2023-10-21,Eve,West,Laptop,12,441.03,0.15
ORD-0317,2023-11-30,Diana,North,Headset,15,115.67,0.2
ORD-0318,2023-10-09,Carlos,East,Mouse,1,838.78,0.1
ORD-0319,2024-05-22,Frank,South,Keyboard,20,529.76,0.2
ORD-0320,2023-02-27,Carlos,West,Keyboard,17,513.88,0
ORD-0321,2023-10-28,Carlos,West,Chair,1,1276.78,0.15
ORD-0322,2023-11-24,Bob,South,Keyboard,1,504.44,0.1
ORD-0323,2024-11-04,Alice,East,Monitor,12,782.33,0.05
ORD-0324,2023-03-03,Carlos,North,Webcam,8,65.82,0.15
ORD-0325,2024-06-02,Carlos,East,Desk,5,1373.0,0.15
ORD-0326,2024-11-28,Bob,North,Keyboard,15,606.62,0.2
ORD-0327,2023-01-02,Bob,South,Mouse,16,1097.32,0.15
ORD-0328,2023-06-21,Diana,East,Keyboard,19,280.62,0.15
ORD-0329,2024-03-21,Frank,West,Headset,2,1296.75,0.05
ORD-0330,2023-03-02,Frank,East,Laptop,19,969.25,0.15
ORD-0331,2024-03-19,Eve,South,Laptop,13,1416.03,0.05
ORD-0332,2023-07-18,Frank,South,Keyboard,14,1389.33,0.05
ORD-0333,2024-10-03,Diana,North,Webcam,15,139.98,0.15
ORD-0334,2023-05-01,Carlos,South,Laptop,16,549.77,0
ORD-0335,2024-07-30,Carlos,North,Keyboard,10,502.39,0.15
ORD-0336,2023-08-27,Diana,West,Webcam,12,223.3,0
ORD-0337,2024-01-23,Frank,East,Headset,3,1439.91,0.2
ORD-0338,2023-02-10,Carlos,West,Chair,16,238.58,0.05
ORD-0339,2024-05-10,Diana,North,Desk,17,1231.91,0
ORD-0340,2024-08-19,Eve,West,Mouse,6,104.77,0.05
ORD-0341,2023-04-12,Diana,South,Chair,2,1058.94,0.05
ORD-0342,2023-01-18,Alice,North,Laptop,11,1055.4,0.2
ORD-0343,2023-03-24,Diana,North,Headset,5,1433.03,0
ORD-0344,2024-10-08,Diana,East,Monitor,5,127.72,0.05
ORD-0345,2023-09-17,Diana,West,Mouse,1,766.17,0.1
ORD-0346,2024-07-04,Bob,North,Desk,6,812.93,0
ORD-0347,2023-08-28,Diana,North,Webcam,20,773.38,0
ORD-0348,2023-05-25,Carlos,West,Desk,17,1156.39,0.05
ORD-0349,2024-03-15,Diana,North,Webcam,4,175.73,0.2
ORD-0350,2023-04-29,Diana,North,Laptop,4,692.38,0.1
ORD-0351,2023-07-27,Diana,West,Webcam,14,1028.6,0.15
ORD-0352,2023-04-16,Alice,East,Laptop,6,200.37,0.15
ORD-0353,2023-01-24,Bob,East,Chair,12,718.66,0
ORD-0354,2023-12-04,Diana,East,Laptop,6,1380.4,0.15
ORD-0355,2023-03-21,Frank,North,Webcam,19,501.17,0.1
ORD-0356,2023-04-06,Carlos,South,Chair,8,410.62,0.05
ORD-0357,2023-11-30,Alice,East,Monitor,19,213.74,0.2
ORD-0358,2023-03-19,Diana,South,Desk,13,1318.95,0.15
ORD-0359,2024-12-21,Eve,North,Chair,14,92.22,0.2
ORD-0360,2024-07-06,Carlos,North,Laptop,17,544.71,0
ORD-0361,2024-03-28,Alice,East,Monitor,16,906.67,0.15
ORD-0362,2023-04-24,Diana,West,Keyboard,12,506.02,0.05
ORD-0363,2023-09-08,Bob,North,Desk,9,144.54,0
ORD-0364,2023-12-08,Carlos,South,Laptop,12,327.42,0.15
ORD-0365,2023-10-10,Frank,East,Desk,1,26.61,0.1
ORD-0366,2023-06-26,Alice,West,Keyboard,6,37.79,0
ORD-0367,2024-02-23,Frank,West,Headset,12,772.98,0.15
ORD-0368,2023-06-25,Eve,East,Mouse,12,481.14,0.2
ORD-0369,2023-04-30,Diana,East,Keyboard,19,929.16,0.05
ORD-0370,2023-09-20,Alice,East,Desk,7,218.54,0
ORD-0371,2024-09-08,Carlos,North,Laptop,19,107.35,0.15
ORD-0372,2023-10-09,Carlos,West,Headset,14,315.6,0
ORD-0373,2023-01-11,Diana,South,Headset,5,227.05,0.15
ORD-0374,2023-01-24,Eve,North,Laptop,12,1142.97,0.05
ORD-0375,2023-08-17,Frank,North,Desk,8,545.93,0.1
ORD-0376,2023-11-26,Frank,East,Headset,6,487.76,0.15
ORD-0377,2024-05-23,Carlos,South,Desk,13,747.64,0
ORD-0378,2024-04-02,Carlos,South,Headset,9,541.28,0.1
ORD-0379,2023-07-06,Carlos,South,Chair,8,882.29,0
ORD-0380,2024-07-31,Diana,North,Laptop,13,684.19,0.05
ORD-0381,2024-01-27,Diana,West,Mouse,17,916.21,0
ORD-0382,2023-08-25,Frank,West,Webcam,17,1374.65,0.15
ORD-0383,2023-07-29,Eve,East,Keyboard,1,1148.58,0.15
ORD-0384,2023-10-08,Alice,North,Laptop,11,890.16,0.15
ORD-0385,2024-02-26,Eve,South,Headset,20,966.39,0
ORD-0386,2023-11-02,Carlos,West,Chair,11,971.84,0
ORD-0387,2023-03-10,Alice,North,Chair,3,211.46,0.2
ORD-0388,2023-01-21,Eve,South,Mouse,7,559.69,0.15
ORD-0389,2023-02-18,Carlos,West,Desk,12,1310.8,0
ORD-0390,2024-06-29,Diana,North,Webcam,8,1208.09,0
ORD-0391,2023-06-28,Alice,West,Webcam,1,103.14,0
ORD-0392,2023-09-30,Eve,South,Laptop,5,1420.3,0.1
ORD-0393,2023-01-28,Carlos,North,Webcam,15,1447.71,0
ORD-0394,2024-05-26,Bob,East,Monitor,20,676.94,0.05
ORD-0395,2024-12-31,Alice,South,Headset,20,294.75,0
ORD-0396,2024-08-02,Carlos,West,Chair,12,789.36,0.15
ORD-0397,2024-03-25,Bob,East,Monitor,16,1119.48,0.2
ORD-0398,2024-07-26,Frank,North,Monitor,13,912.13,0.1
ORD-0399,2024-03-15,Frank,South,Chair,3,429.92,0.05
ORD-0400,2024-10-03,Eve,West,Chair,1,1120.15,0.15
ORD-0401,2024-01-21,Bob,West,Mouse,8,655.24,0.15
ORD-0402,2023-09-07,Frank,South,Headset,7,1222.83,0.15
ORD-0403,2023-02-03,Bob,South,Mouse,15,376.86,0.2
ORD-0404,2024-01-15,Carlos,South,Webcam,12,788.72,0.1
ORD-0405,2024-04-29,Eve,North,Headset,5,636.67,0.15
ORD-0406,2024-10-02,Carlos,East,Headset,5,1322.4,0.1
ORD-0407,2024-11-10,Alice,South,Webcam,1,861.02,0
ORD-0408,2024-12-06,Carlos,West,Headset,6,1105.66,0.2
ORD-0409,2023-06-17,Alice,North,Desk,12,501.06,0.1
ORD-0410,2023-06-10,Bob,West,Monitor,18,278.38,0.1
ORD-0411,2023-01-10,Frank,South,Chair,10,411.17,0.05
ORD-0412,2023-12-20,Bob,East,Keyboard,3,558.58,0
ORD-0413,2023-11-05,Eve,North,Chair,1,976.82,0.2
ORD-0414,2024-06-29,Alice,North,Mouse,3,681.58,0.2
ORD-0415,2024-08-26,Eve,East,Chair,20,1498.25,0.2
ORD-0416,2024-03-28,Carlos,East,Chair,9,1132.93,0.05
ORD-0417,2023-07-26,Bob,North,Chair,16,83.6,0.15
ORD-0418,2024-09-28,Bob,East,Webcam,20,1024.6,0.15
ORD-0419,2024-02-15,Eve,West,Webcam,9,997.66,0.05
ORD-0420,2023-12-19,Alice,North,Desk,12,1150.18,0
ORD-0421,2024-01-11,Alice,North,Webcam,14,103.19,0.2
ORD-0422,2023-07-28,Diana,North,Mouse,15,932.78,0.05
ORD-0423,2024-08-10,Carlos,South,Laptop,1,350.6,0.15
ORD-0424,2023-08-02,Alice,East,Keyboard,18,806.07,0.1
ORD-0425,2024-04-22,Frank,North,Monitor,14,811.95,0.1
ORD-0426,2023-04-30,Bob,East,Desk,5,1180.25,0.05
ORD-0427,2023-04-14,Eve,West,Desk,13,520.72,0
ORD-0428,2024-03-05,Carlos,South,Keyboard,20,856.52,0.05
ORD-0429,2024-01-23,Frank,West,Monitor,3,560.81,0.1
ORD-0430,2024-05-18,Bob,North,Mouse,14,1433.67,0.05
ORD-0431,2024-08-14,Diana,South,Mouse,8,646.55,0.1
ORD-0432,2024-09-16,Bob,North,Mouse,10,838.21,0.05
ORD-0433,2023-10-30,Diana,East,Monitor,9,1439.51,0.05
ORD-0434,2023-10-12,Diana,South,Mouse,15,127.06,0
ORD-0435,2024-09-16,Alice,South,Webcam,2,85.45,0.15
ORD-0436,2023-08-21,Carlos,North,Headset,1,1338.03,0.2
ORD-0437,2024-10-30,Eve,South,Mouse,5,581.87,0.05
ORD-0438,2023-10-12,Frank,East,Laptop,9,1111.51,0.05
ORD-0439,2023-02-04,Alice,East,Chair,17,1124.94,0.05
ORD-0440,2023-02-21,Frank,West,Webcam,15,1006.71,0
ORD-0441,2024-02-17,Diana,East,Monitor,2,925.98,0.05
ORD-0442,2023-01-16,Eve,West,Monitor,1,516.82,0
ORD-0443,2023-09-10,Frank,South,Headset,7,515.55,0.05
ORD-0444,2023-11-11,Bob,East,Chair,9,1326.31,0.15
ORD-0445,2024-01-12,Eve,South,Headset,2,1205.44,0
ORD-0446,2023-10-15,Bob,North,Desk,7,1334.4,0.05
ORD-0447,2024-01-27,Eve,South,Webcam,5,316.55,0.05
ORD-0448,2023-09-27,Carlos,East,Webcam,16,1400.12,0.2
ORD-0449,2023-06-12,Frank,South,Laptop,18,1051.48,0.1
ORD-0450,2023-09-18,Diana,North,Mouse,12,1121.31,0.15
ORD-0451,2024-08-16,Bob,West,Desk,8,542.4,0.05
ORD-0452,2023-07-16,Carlos,North,Headset,7,1305.1,0.15
ORD-0453,2024-05-22,Bob,West,Laptop,5,482.05,0.05
ORD-0454,2023-07-31,Carlos,South,Laptop,4,1280.85,0
ORD-0455,2024-04-11,Alice,South,Keyboard,9,311.05,0.05
ORD-0456,2024-11-05,Bob,North,Monitor,6,467.07,0.2
ORD-0457,2024-05-18,Diana,South,Webcam,1,1370.56,0.15
ORD-0458,2023-09-21,Alice,West,Laptop,16,520.1,0.2
ORD-0459,2024-12-21,Bob,North,Webcam,5,126.69,0.15
ORD-0460,2023-03-05,Frank,North,Chair,15,817.42,0.05
ORD-0461,2023-09-18,Eve,East,Headset,1,495.42,0.1
ORD-0462,2023-02-07,Frank,North,Laptop,18,177.57,0.1
ORD-0463,2023-10-17,Bob,West,Chair,8,1128.27,0.1
ORD-0464,2023-07-28,Eve,North,Chair,9,415.08,0.15
ORD-0465,2024-10-13,Carlos,North,Laptop,14,534.61,0
ORD-0466,2024-04-14,Frank,East,Headset,8,846.75,0
ORD-0467,2024-05-13,Alice,South,Webcam,1,1444.5,0.2
ORD-0468,2024-11-18,Bob,East,Desk,10,1409.94,0.1
ORD-0469,2023-11-27,Frank,North,Laptop,16,1006.32,0.1
ORD-0470,2023-03-04,Bob,North,Chair,15,563.41,0.05
ORD-0471,2023-07-03,Frank,East,Desk,12,1097.67,0.05
ORD-0472,2024-04-16,Eve,West,Desk,12,903.42,0.05
ORD-0473,2023-12-28,Eve,South,Mouse,4,1328.0,0.1
ORD-0474,2023-01-22,Diana,South,Desk,7,1193.28,0.05
ORD-0475,2023-07-11,Frank,North,Mouse,3,489.31,0.2
ORD-0476,2024-05-02,Frank,East,Chair,15,28.88,0.05
ORD-0477,2023-05-06,Diana,South,Monitor,14,427.26,0.05
ORD-0478,2024-02-10,Alice,North,Desk,12,1471.04,0.1
ORD-0479,2023-03-05,Alice,South,Keyboard,14,259.5,0.1
ORD-0480,2023-06-08,Carlos,South,Keyboard,13,264.21,0.1
ORD-0481,2023-06-04,Bob,North,Mouse,12,659.2,0.15
ORD-0482,2024-11-22,Diana,West,Mouse,14,852.94,0.05
ORD-0483,2024-04-27,Diana,East,Monitor,14,1357.56,0.15
ORD-0484,2023-08-07,Frank,South,Laptop,15,1196.55,0.2
ORD-0485,2023-11-01,Bob,North,Desk,9,556.6,0.1
ORD-0486,2023-03-18,Alice,East,Mouse,13,1446.05,0
ORD-0487,2023-09-22,Bob,East,Keyboard,8,151.59,0.05
ORD-0488,2023-04-24,Diana,North,Headset,13,1289.86,0.2
ORD-0489,2024-02-08,Carlos,North,Mouse,19,322.38,0.15
ORD-0490,2023-02-18,Frank,North,Webcam,11,302.54,0.1
ORD-0491,2023-09-29,Carlos,East,Laptop,12,70.74,0.05
ORD-0492,2023-10-25,Frank,West,Laptop,1,275.63,0.2
ORD-0493,2023-03-18,Frank,North,Chair,3,951.64,0.05
ORD-0494,2023-04-11,Bob,East,Mouse,17,610.47,0.15
ORD-0495,2024-09-19,Diana,North,Monitor,9,542.44,0.05
ORD-0496,2024-03-06,Alice,South,Laptop,19,793.3,0.05
ORD-0497,2024-07-13,Carlos,North,Chair,1,1139.57,0
ORD-0498,2023-11-28,Diana,West,Keyboard,5,488.7,0.1
ORD-0499,2023-05-01,Alice,North,Mouse,13,37.67,0.1
ORD-0500,2023-02-10,Bob,South,Webcam,18,232.47,0.1
ORD-0501,2024-04-16,Alice,North,Chair,3,488.76,0.15
ORD-0502,2024-03-05,Carlos,East,Headset,18,635.24,0.05
ORD-0503,2023-11-23,Bob,South,Webcam,10,1346.38,0.2
ORD-0504,2024-11-18,Carlos,South,Keyboard,6,436.16,0.15
ORD-0505,2024-06-03,Eve,South,Chair,11,702.68,0.05
ORD-0506,2024-04-02,Eve,East,Keyboard,3,55.02,0.05
ORD-0507,2023-09-03,Carlos,West,Keyboard,15,905.33,0.15
ORD-0508,2024-08-23,Eve,South,Chair,13,457.58,0.2
ORD-0509,2023-08-08,Frank,South,Monitor,3,1038.51,0.15
ORD-0510,2023-03-03,Alice,West,Keyboard,19,1450.84,0
ORD-0511,2024-01-23,Carlos,East,Webcam,20,325.0,0.2
ORD-0512,2023-03-29,Carlos,North,Chair,4,1360.85,0.2
ORD-0513,2024-02-10,Alice,West,Mouse,7,656.75,0.2
ORD-0514,2023-01-11,Eve,East,Keyboard,7,242.16,0
ORD-0515,2023-12-03,Frank,South,Laptop,5,158.62,0.2
ORD-0516,2024-06-19,Frank,North,Monitor,4,510.22,0.15
ORD-0517,2023-11-18,Carlos,North,Keyboard,14,791.87,0
ORD-0518,2023-05-03,Carlos,North,Mouse,12,230.82,0.2
ORD-0519,2024-10-15,Eve,South,Desk,14,73.07,0
ORD-0520,2023-04-25,Bob,West,Headset,17,428.94,0.2
ORD-0521,2024-05-22,Alice,South,Webcam,5,1075.47,0.2
ORD-0522,2024-06-12,Diana,East,Laptop,14,1305.0,0.2
ORD-0523,2023-10-17,Carlos,East,Mouse,16,1076.73,0.15
ORD-0524,2024-07-18,Frank,North,Headset,16,998.71,0.05
ORD-0525,2024-01-17,Carlos,South,Headset,18,640.71,0.05
ORD-0526,2023-01-23,Bob,North,Desk,4,107.69,0.15
ORD-0527,2023-09-16,Bob,North,Headset,4,1065.86,0.05
ORD-0528,2023-01-05,Carlos,East,Mouse,12,695.37,0
ORD-0529,2023-10-15,Diana,West,Headset,18,336.02,0.05
ORD-0530,2024-01-04,Eve,East,Mouse,9,1470.75,0.15
ORD-0531,2024-02-06,Frank,North,Chair,12,1252.44,0.2
ORD-0532,2024-05-31,Frank,North,Headset,2,1025.23,0
ORD-0533,2024-11-09,Bob,South,Desk,1,522.87,0.15
ORD-0534,2024-05-12,Diana,West,Mouse,1,1362.01,0.2
ORD-0535,2023-02-27,Carlos,West,Mouse,2,736.85,0
ORD-0536,2023-04-09,Bob,North,Desk,5,743.65,0.05
ORD-0537,2024-07-23,Bob,West,Keyboard,6,394.29,0.2
ORD-0538,2024-10-15,Diana,East,Monitor,11,411.49,0.2
ORD-0539,2023-12-19,Bob,East,Chair,18,882.23,0.1
ORD-0540,2024-05-06,Diana,North,Laptop,5,611.51,0.1
ORD-0541,2023-07-18,Frank,North,Mouse,12,1046.5,0.05
ORD-0542,2024-01-15,Bob,North,Chair,5,561.55,0.2
ORD-0543,2023-10-10,Carlos,South,Webcam,5,474.71,0.2
ORD-0544,2024-03-14,Diana,South,Mouse,2,26.11,0.05
ORD-0545,2024-03-13,Carlos,North,Laptop,20,1463.25,0.15
ORD-0546,2023-01-23,Diana,North,Headset,5,859.8,0.15
ORD-0547,2023-06-12,Bob,East,Mouse,16,550.53,0.15
ORD-0548,2024-12-20,Frank,East,Laptop,2,483.16,0.05
ORD-0549,2023-02-07,Diana,East,Laptop,4,858.41,0.15
ORD-0550,2023-11-07,Carlos,South,Keyboard,3,331.24,0.15
ORD-0551,2023-03-07,Bob,South,Webcam,6,1406.01,0
ORD-0552,2023-03-20,Diana,North,Headset,13,1289.42,0.15
ORD-0553,2023-12-27,Frank,South,Desk,4,1017.05,0.2
ORD-0554,2024-11-20,Bob,West,Chair,18,1405.67,0.1
ORD-0555,2023-03-17,Carlos,West,Laptop,17,974.59,0
ORD-0556,2024-03-31,Frank,South,Laptop,13,129.65,0.05
ORD-0557,2023-11-18,Carlos,North,Desk,8,122.46,0.15
ORD-0558,2024-01-08,Diana,East,Mouse,7,643.87,0.2
ORD-0559,2023-06-27,Alice,South,Keyboard,14,874.81,0.1
ORD-0560,2023-09-02,Bob,West,Desk,8,374.71,0
ORD-0561,2024-12-15,Alice,East,Monitor,14,583.73,0
ORD-0562,2023-08-29,Frank,South,Chair,9,696.25,0.05
ORD-0563,2024-11-02,Alice,South,Laptop,13,334.58,0.05
ORD-0564,2024-07-02,Diana,West,Headset,17,563.83,0.2
ORD-0565,2024-07-15,Alice,North,Monitor,2,1416.95,0.15
ORD-0566,2023-08-17,Eve,East,Desk,17,1078.84,0.1
ORD-0567,2024-10-22,Frank,South,Headset,10,795.31,0.15
ORD-0568,2023-07-11,Diana,East,Desk,14,501.45,0.2
ORD-0569,2024-01-21,Alice,North,Mouse,13,440.43,0.05
ORD-0570,2023-03-28,Bob,East,Keyboard,12,954.91,0.1
ORD-0571,2024-12-16,Diana,West,Keyboard,2,1266.45,0
ORD-0572,2024-10-28,Diana,North,Desk,5,443.66,0
ORD-0573,2024-10-07,Bob,West,Mouse,3,401.97,0.15
ORD-0574,2023-09-20,Alice,South,Chair,8,999.19,0
ORD-0575,2024-04-29,Frank,South,Mouse,20,270.35,0.2
ORD-0576,2023-08-15,Diana,East,Chair,16,1033.96,0.2
ORD-0577,2023-06-09,Bob,North,Laptop,19,374.03,0.2
ORD-0578,2024-04-20,Frank,West,Laptop,2,1348.45,0.1
ORD-0579,2023-05-27,Carlos,North,Headset,6,621.25,0.05
ORD-0580,2024-04-16,Diana,East,Chair,6,317.7,0.05
ORD-0581,2023-09-24,Alice,East,Monitor,7,642.08,0
ORD-0582,2023-10-20,Eve,East,Chair,9,522.99,0.15
ORD-0583,2023-06-26,Eve,East,Chair,12,1178.16,0.2
ORD-0584,2024-07-26,Alice,South,Keyboard,2,1187.38,0.15
ORD-0585,2023-11-02,Diana,North,Monitor,2,1085.96,0.1
ORD-0586,2024-08-01,Bob,West,Webcam,20,68.99,0.2
ORD-0587,2023-06-02,Carlos,West,Monitor,4,1398.52,0.15
ORD-0588,2024-09-23,Alice,West,Mouse,2,613.02,0
ORD-0589,2024-12-12,Carlos,North,Webcam,10,485.88,0.15
ORD-0590,2024-06-13,Bob,West,Webcam,10,43.11,0.15
ORD-0591,2024-10-31,Frank,South,Webcam,10,549.28,0.2
ORD-0592,2024-01-03,Diana,West,Headset,6,839.86,0.05
ORD-0593,2023-04-17,Eve,South,Keyboard,13,1149.02,0.2
ORD-0594,2024-08-21,Alice,West,Webcam,13,760.55,0.15
ORD-0595,2023-10-04,Alice,East,Laptop,8,1486.89,0.2
ORD-0596,2023-09-09,Diana,North,Desk,13,1475.39,0.15
ORD-0597,2023-10-10,Carlos,West,Chair,17,1237.82,0.2
ORD-0598,2024-09-23,Frank,East,Laptop,13,484.92,0
ORD-0599,2023-03-30,Eve,South,Desk,10,201.8,0.1
ORD-0600,2024-07-12,Eve,South,Webcam,8,648.49,0.15
ORD-0601,2023-11-08,Diana,South,Chair,6,1110.23,0
ORD-0602,2023-09-21,Diana,East,Chair,8,1334.21,0.05
ORD-0603,2023-03-05,Frank,South,Desk,14,1201.64,0
ORD-0604,2023-12-02,Carlos,North,Laptop,4,157.16,0.05
ORD-0605,2024-08-30,Alice,South,Keyboard,19,674.57,0.05
ORD-0606,2023-07-10,Diana,East,Headset,12,1143.32,0.1
ORD-0607,2024-02-18,Carlos,West,Keyboard,9,414.15,0.05
ORD-0608,2023-05-12,Alice,West,Headset,11,1366.81,0.1
ORD-0609,2024-10-28,Eve,East,Keyboard,1,771.34,0.1
ORD-0610,2023-03-10,Frank,South,Headset,7,728.19,0.2
ORD-0611,2023-03-15,Alice,South,Keyboard,12,116.21,0.05
ORD-0612,2023-08-17,Frank,West,Webcam,11,756.76,0
ORD-0613,2023-07-11,Diana,West,Chair,1,496.01,0.1
ORD-0614,2024-11-19,Bob,South,Desk,8,1210.61,0.2
ORD-0615,2023-10-15,Bob,West,Laptop,13,422.26,0.15
ORD-0616,2023-07-19,Frank,South,Chair,3,198.22,0.2
ORD-0617,2024-05-06,Carlos,West,Monitor,9,165.48,0.2
ORD-0618,2024-03-21,Diana,East,Headset,19,935.46,0
ORD-0619,2023-10-09,Frank,South,Keyboard,9,807.44,0.05
ORD-0620,2024-09-20,Frank,North,Webcam,14,526.58,0.15
ORD-0621,2024-07-08,Bob,South,Chair,7,461.66,0.15
ORD-0622,2024-02-04,Eve,West,Desk,12,897.7,0
ORD-0623,2024-11-08,Bob,South,Chair,4,901.97,0
ORD-0624,2024-06-18,Bob,South,Keyboard,3,1217.51,0.05
ORD-0625,2024-06-18,Alice,East,Webcam,8,516.67,0.1
ORD-0626,2023-06-13,Frank,South,Chair,2,224.03,0
ORD-0627,2023-12-19,Eve,North,Webcam,4,1015.37,0.15
ORD-0628,2023-10-05,Carlos,North,Mouse,2,353.51,0.05
ORD-0629,2024-06-21,Eve,South,Webcam,13,1324.22,0.05
ORD-0630,2023-04-21,Carlos,West,Laptop,8,1021.84,0
ORD-0631,2023-10-19,Carlos,West,Laptop,13,1133.67,0.15
ORD-0632,2024-11-05,Carlos,West,Headset,13,702.77,0.15
ORD-0633,2023-01-08,Alice,West,Chair,15,1138.08,0.1
ORD-0634,2023-10-28,Frank,South,Chair,9,1311.54,0.15
ORD-0635,2023-04-05,Alice,East,Headset,17,440.26,0
ORD-0636,2023-04-19,Frank,North,Headset,11,406.04,0.2
ORD-0637,2024-01-23,Carlos,West,Webcam,14,293.93,0
ORD-0638,2024-09-01,Diana,West,Headset,15,1229.16,0
ORD-0639,2024-08-02,Frank,North,Desk,12,392.77,0.2
ORD-0640,2024-09-16,Alice,North,Keyboard,19,1307.64,0.05
ORD-0641,2023-11-03,Bob,South,Desk,1,699.4,0.05
ORD-0642,2024-11-17,Carlos,West,Headset,17,1248.58,0.15
ORD-0643,2024-03-05,Frank,West,Chair,12,651.43,0
ORD-0644,2023-09-14,Carlos,East,Desk,10,753.72,0.1
ORD-0645,2024-09-24,Alice,East,Desk,17,134.1,0.1
ORD-0646,2023-07-08,Bob,South,Chair,12,689.7,0
ORD-0647,2024-05-22,Bob,West,Laptop,4,1014.53,0
ORD-0648,2024-11-26,Carlos,South,Webcam,8,1242.15,0.2
ORD-0649,2023-10-20,Eve,West,Desk,7,1383.19,0.05
ORD-0650,2024-01-25,Eve,North,Keyboard,1,270.44,0.2
ORD-0651,2024-03-22,Carlos,South,Desk,14,1496.95,0.1
ORD-0652,2024-08-05,Carlos,West,Desk,17,792.59,0
ORD-0653,2024-12-20,Eve,North,Keyboard,2,481.39,0.2
ORD-0654,2024-07-21,Alice,North,Monitor,10,1391.28,0.15
ORD-0655,2023-07-22,Alice,South,Headset,10,997.76,0.2
ORD-0656,2023-02-01,Eve,East,Monitor,19,144.21,0.1
ORD-0657,2023-11-09,Carlos,South,Chair,18,731.17,0
ORD-0658,2024-02-09,Frank,West,Webcam,19,981.6,0.1
ORD-0659,2023-11-12,Diana,North,Keyboard,15,295.88,0.2
ORD-0660,2024-02-29,Bob,South,Webcam,1,1193.86,0.1
ORD-0661,2024-01-20,Bob,West,Headset,13,32.48,0
ORD-0662,2024-06-25,Frank,North,Chair,10,1362.49,0.15
ORD-0663,2024-04-10,Diana,North,Webcam,6,678.68,0.2
ORD-0664,2023-04-13,Eve,North,Chair,2,445.73,0.15
ORD-0665,2024-07-18,Alice,East,Laptop,6,1455.32,0.15
ORD-0666,2024-11-20,Alice,East,Webcam,1,1318.75,0.2
ORD-0667,2024-10-12,Frank,West,Desk,7,638.96,0.2
ORD-0668,2024-08-13,Diana,South,Mouse,6,870.01,0.2
ORD-0669,2024-03-04,Frank,South,Desk,20,1386.62,0.1
ORD-0670,2024-10-03,Frank,South,Keyboard,3,1491.18,0
ORD-0671,2024-05-14,Alice,North,Chair,6,1083.72,0.2
ORD-0672,2023-07-25,Carlos,South,Laptop,18,621.29,0.15
ORD-0673,2023-12-01,Alice,West,Laptop,5,960.54,0.05
ORD-0674,2024-11-11,Carlos,South,Desk,6,899.59,0.1
ORD-0675,2023-09-01,Eve,East,Chair,12,1305.12,0.15
ORD-0676,2023-04-25,Frank,East,Keyboard,16,211.22,0.2
ORD-0677,2024-07-03,Alice,West,Monitor,19,321.8,0.15
ORD-0678,2023-06-19,Bob,South,Webcam,4,1100.34,0
ORD-0679,2024-01-09,Carlos,East,Chair,3,902.42,0.05
ORD-0680,2023-12-19,Diana,East,Webcam,20,945.48,0.1
ORD-0681,2024-01-26,Eve,East,Monitor,16,397.72,0.15
ORD-0682,2024-09-15,Carlos,East,Headset,10,1479.31,0.05
ORD-0683,2023-01-28,Diana,West,Webcam,4,860.52,0.15
ORD-0684,2024-03-17,Alice,West,Chair,9,70.73,0.2
ORD-0685,2023-11-25,Bob,East,Laptop,18,186.72,0.05
ORD-0686,2024-10-03,Diana,South,Monitor,4,375.45,0
ORD-0687,2023-06-09,Frank,North,Mouse,19,1046.28,0.1
ORD-0688,2023-03-17,Eve,East,Headset,12,167.16,0.1
ORD-0689,2024-05-18,Carlos,North,Chair,18,528.02,0
ORD-0690,2023-07-16,Bob,West,Mouse,5,1353.0,0.2
ORD-0691,2023-02-28,Bob,South,Headset,11,393.9,0.15
ORD-0692,2023-04-12,Eve,West,Monitor,7,73.12,0.15
ORD-0693,2023-08-28,Bob,East,Monitor,1,1029.37,0.15
ORD-0694,2024-01-06,Frank,West,Webcam,18,1304.63,0.1
ORD-0695,2024-01-05,Eve,North,Laptop,17,960.34,0.05
ORD-0696,2024-03-07,Carlos,South,Desk,6,906.64,0.05
ORD-0697,2024-07-15,Frank,South,Laptop,6,594.78,0.05
ORD-0698,2024-08-28,Eve,North,Desk,11,382.8,0
ORD-0699,2023-08-16,Bob,South,Headset,10,1247.36,0.15
ORD-0700,2024-11-24,Diana,North,Laptop,2,1106.3,0.1
ORD-0701,2024-11-19,Bob,West,Monitor,12,746.47,0
ORD-0702,2023-09-17,Bob,North,Monitor,1,745.36,0.05
ORD-0703,2024-09-26,Eve,West,Webcam,17,1137.08,0.2
ORD-0704,2024-10-07,Alice,East,Chair,4,734.28,0
ORD-0705,2024-02-07,Frank,North,Desk,1,174.29,0.05
ORD-0706,2024-04-19,Eve,South,Mouse,13,340.13,0
ORD-0707,2024-04-01,Bob,North,Keyboard,5,1213.31,0
ORD-0708,2023-08-08,Diana,East,Desk,5,863.21,0
ORD-0709,2023-03-03,Alice,South,Chair,1,1125.59,0.2
ORD-0710,2024-08-24,Carlos,East,Desk,6,1012.56,0
ORD-0711,2024-04-01,Frank,West,Keyboard,19,357.79,0.05
ORD-0712,2023-01-26,Diana,East,Webcam,11,279.23,0.1
ORD-0713,2024-01-05,Frank,North,Chair,18,791.96,0
ORD-0714,2024-08-28,Frank,North,Keyboard,11,99.64,0.15
ORD-0715,2023-08-12,Carlos,North,Monitor,17,926.43,0
ORD-0716,2024-09-19,Diana,North,Mouse,19,819.08,0.05
ORD-0717,2024-06-16,Frank,South,Monitor,14,758.83,0.2
ORD-0718,2023-10-02,Carlos,West,Webcam,2,843.13,0.2
ORD-0719,2024-10-02,Eve,East,Laptop,18,121.45,0.05
ORD-0720,2023-07-28,Bob,West,Mouse,13,21.72,0.1
ORD-0721,2023-08-29,Alice,East,Laptop,1,989.87,0.2
ORD-0722,2023-03-25,Diana,East,Monitor,13,1282.1,0
ORD-0723,2024-04-18,Frank,North,Monitor,1,383.24,0.1
ORD-0724,2023-10-26,Frank,East,Headset,15,78.77,0
ORD-0725,2023-05-11,Diana,West,Mouse,14,23.87,0.15
ORD-0726,2023-04-06,Alice,North,Webcam,18,252.25,0.15
ORD-0727,2023-08-21,Carlos,North,Chair,10,133.59,0.1
ORD-0728,2023-02-14,Diana,North,Keyboard,2,969.0,0.05
ORD-0729,2023-11-06,Eve,West,Desk,19,165.74,0
ORD-0730,2024-06-30,Eve,South,Headset,8,95.52,0.05
ORD-0731,2024-12-09,Diana,East,Keyboard,14,1011.98,0.1
ORD-0732,2023-02-07,Alice,North,Keyboard,8,1414.11,0.15
ORD-0733,2024-06-30,Carlos,East,Chair,15,790.15,0.15
ORD-0734,2024-05-14,Frank,East,Desk,1,35.65,0.2
ORD-0735,2024-01-09,Eve,South,Webcam,6,80.84,0
ORD-0736,2023-02-15,Eve,East,Mouse,10,1449.93,0.1
ORD-0737,2024-02-03,Frank,North,Mouse,9,301.91,0
ORD-0738,2023-10-30,Frank,South,Webcam,20,1178.98,0.05
ORD-0739,2023-07-23,Carlos,West,Webcam,13,831.88,0.2
ORD-0740,2023-04-21,Bob,West,Desk,17,1111.59,0.05
ORD-0741,2023-11-24,Diana,North,Laptop,8,1079.24,0.1
ORD-0742,2024-07-14,Eve,North,Laptop,6,1391.52,0.05
ORD-0743,2024-04-12,Bob,North,Keyboard,14,1038.54,0.05
ORD-0744,2023-10-26,Bob,South,Desk,11,1244.6,0.05
ORD-0745,2024-11-30,Frank,North,Mouse,16,749.24,0.1
ORD-0746,2024-05-05,Alice,North,Monitor,8,920.95,0.1
ORD-0747,2024-11-04,Frank,East,Webcam,8,1234.12,0.2
ORD-0748,2024-04-04,Eve,North,Keyboard,17,1096.58,0.15
ORD-0749,2023-09-10,Bob,West,Headset,16,532.28,0.15
ORD-0750,2023-08-15,Frank,North,Chair,20,687.53,0.1
ORD-0751,2023-11-04,Alice,East,Mouse,2,401.41,0.05
ORD-0752,2023-07-31,Carlos,West,Chair,3,304.08,0.2
ORD-0753,2023-02-02,Frank,East,Webcam,11,344.13,0.05
ORD-0754,2023-09-26,Carlos,North,Chair,9,345.88,0.15
ORD-0755,2024-06-23,Frank,North,Keyboard,8,527.77,0.05
ORD-0756,2024-02-28,Diana,East,Desk,8,561.4,0
ORD-0757,2024-08-25,Frank,South,Keyboard,17,349.06,0.15
ORD-0758,2024-12-06,Carlos,East,Headset,19,581.56,0
ORD-0759,2024-02-12,Eve,North,Headset,5,620.01,0.2
ORD-0760,2023-01-26,Carlos,West,Headset,16,726.78,0
ORD-0761,2023-11-04,Frank,West,Laptop,15,989.23,0.05
ORD-0762,2024-11-30,Alice,West,Laptop,10,531.84,0.15
ORD-0763,2024-08-12,Frank,East,Keyboard,8,366.16,0.15
ORD-0764,2023-03-29,Carlos,South,Webcam,10,1137.9,0.15
ORD-0765,2023-08-28,Diana,East,Keyboard,3,62.1,0.15
ORD-0766,2023-06-18,Bob,South,Webcam,12,358.92,0.05
ORD-0767,2024-06-07,Carlos,East,Chair,19,553.29,0.05
ORD-0768,2024-09-08,Frank,North,Headset,19,321.17,0.05
ORD-0769,2024-09-11,Carlos,South,Headset,9,932.13,0.2
ORD-0770,2024-07-29,Frank,North,Desk,10,274.09,0.05
ORD-0771,2023-11-14,Eve,West,Laptop,12,1453.93,0.2
ORD-0772,2023-08-21,Alice,East,Desk,8,483.94,0
ORD-0773,2023-02-21,Frank,East,Laptop,1,1316.85,0.05
ORD-0774,2024-11-07,Eve,North,Chair,18,518.86,0.1
ORD-0775,2024-08-21,Frank,South,Headset,14,1315.47,0.1
ORD-0776,2024-01-21,Diana,South,Laptop,14,1377.39,0.15
ORD-0777,2023-01-27,Alice,West,Keyboard,15,1352.68,0.1
ORD-0778,2024-06-25,Carlos,East,Desk,10,539.31,0.05
ORD-0779,2024-02-26,Carlos,South,Monitor,16,638.21,0.05
ORD-0780,2024-01-08,Diana,South,Chair,1,718.4,0
ORD-0781,2023-06-24,Alice,South,Keyboard,11,134.91,0.15
ORD-0782,2023-12-19,Frank,North,Headset,4,1452.98,0.2
ORD-0783,2024-01-17,Alice,East,Laptop,17,1415.59,0.1
ORD-0784,2024-09-13,Carlos,North,Keyboard,5,900.93,0.05
ORD-0785,2024-02-24,Carlos,North,Chair,12,879.88,0.15
ORD-0786,2023-07-04,Frank,East,Mouse,11,1196.96,0.05
ORD-0787,2023-03-17,Frank,North,Headset,6,1396.43,0.05
ORD-0788,2024-09-09,Frank,West,Headset,9,922.23,0
ORD-0789,2023-08-01,Alice,East,Monitor,11,579.21,0.15
ORD-0790,2023-08-03,Alice,South,Chair,10,1195.58,0.15
ORD-0791,2023-02-01,Carlos,East,Keyboard,18,1201.43,0.1
ORD-0792,2023-12-08,Carlos,South,Mouse,4,562.19,0.1
ORD-0793,2024-09-22,Carlos,North,Desk,17,1499.98,0.1
ORD-0794,2024-01-07,Diana,West,Monitor,1,728.89,0.05
ORD-0795,2024-03-24,Bob,South,Webcam,16,1045.12,0.1
ORD-0796,2023-12-15,Alice,South,Laptop,19,650.43,0.1
ORD-0797,2023-01-31,Diana,West,Mouse,13,795.37,0.1
ORD-0798,2023-02-03,Diana,West,Desk,18,806.98,0.2
ORD-0799,2023-07-25,Bob,East,Chair,11,159.56,0.2
ORD-0800,2023-03-05,Frank,South,Headset,7,533.23,0
ORD-0801,2024-04-25,Alice,South,Desk,7,870.46,0.1
ORD-0802,2024-07-14,Carlos,South,Laptop,8,960.86,0.05
ORD-0803,2024-03-05,Diana,North,Laptop,8,161.57,0.1
ORD-0804,2023-07-13,Frank,North,Mouse,2,1484.29,0.05
ORD-0805,2023-06-24,Diana,North,Chair,7,211.05,0
ORD-0806,2024-06-28,Eve,West,Laptop,18,177.58,0
ORD-0807,2023-06-30,Carlos,West,Laptop,8,845.81,0.15
ORD-0808,2023-08-17,Carlos,East,Headset,9,680.77,0.15
ORD-0809,2023-04-09,Alice,West,Desk,1,1377.42,0.2
ORD-0810,2023-07-10,Eve,South,Desk,18,488.41,0
ORD-0811,2024-05-23,Alice,South,Desk,20,1313.32,0
ORD-0812,2023-10-24,Carlos,North,Monitor,7,396.05,0.15
ORD-0813,2024-12-06,Eve,South,Desk,11,389.59,0.05
ORD-0814,2024-05-07,Alice,North,Webcam,7,574.35,0.05
ORD-0815,2024-06-09,Bob,South,Webcam,18,824.19,0.1
ORD-0816,2023-04-21,Frank,East,Headset,8,163.13,0.05
ORD-0817,2023-04-12,Carlos,East,Desk,18,886.16,0.1
ORD-0818,2023-08-01,Bob,West,Desk,8,377.1,0.1
ORD-0819,2024-08-29,Alice,East,Chair,16,1039.57,0.2
ORD-0820,2024-08-25,Alice,West,Headset,2,149.76,0.1
ORD-0821,2024-08-29,Alice,South,Mouse,9,763.2,0.2
ORD-0822,2024-10-24,Eve,East,Monitor,11,730.89,0.2
ORD-0823,2024-02-10,Eve,North,Chair,11,362.55,0.05
ORD-0824,2023-01-06,Carlos,East,Laptop,2,827.15,0.2
ORD-0825,2023-10-06,Frank,South,Chair,19,197.57,0
ORD-0826,2024-01-13,Carlos,North,Keyboard,5,296.1,0.1
ORD-0827,2023-09-12,Bob,East,Keyboard,7,649.58,0.15
ORD-0828,2023-09-23,Frank,East,Webcam,12,955.58,0.1
ORD-0829,2023-09-01,Bob,East,Keyboard,8,414.56,0.15
ORD-0830,2023-09-07,Eve,North,Headset,20,236.21,0.05
ORD-0831,2023-04-13,Diana,North,Laptop,5,476.46,0
ORD-0832,2023-06-13,Eve,South,Headset,6,226.22,0
ORD-0833,2024-04-06,Bob,North,Chair,17,872.53,0
ORD-0834,2024-04-07,Carlos,West,Chair,18,291.42,0.2
ORD-0835,2024-05-07,Bob,North,Desk,18,980.01,0
ORD-0836,2023-01-10,Carlos,North,Webcam,10,1484.33,0.1
ORD-0837,2024-04-20,Frank,West,Monitor,15,570.63,0.15
ORD-0838,2023-11-09,Carlos,North,Monitor,13,414.17,0
ORD-0839,2024-04-15,Carlos,North,Mouse,7,395.69,0.1
ORD-0840,2024-03-18,Diana,South,Mouse,7,252.77,0.1
ORD-0841,2024-08-01,Frank,East,Webcam,2,951.08,0
ORD-0842,2024-07-18,Alice,South,Headset,2,1335.25,0.1
ORD-0843,2023-02-02,Carlos,South,Chair,11,458.96,0
ORD-0844,2023-01-11,Diana,West,Headset,1,304.46,0.2
ORD-0845,2023-12-12,Alice,South,Desk,9,186.3,0.1
ORD-0846,2023-04-30,Diana,West,Desk,14,491.56,0
ORD-0847,2023-12-04,Frank,South,Laptop,20,462.35,0.1
ORD-0848,2024-12-21,Frank,West,Laptop,20,850.36,0.15
ORD-0849,2024-08-06,Bob,West,Chair,12,210.2,0.15
ORD-0850,2023-08-23,Frank,North,Keyboard,19,1303.13,0.15
ORD-0851,2024-06-22,Eve,South,Keyboard,2,886.82,0
ORD-0852,2024-11-29,Eve,North,Chair,13,1391.94,0.15
ORD-0853,2023-03-22,Bob,North,Laptop,14,852.71,0.2
ORD-0854,2023-11-14,Bob,East,Webcam,1,1309.82,0.1
ORD-0855,2024-05-13,Eve,West,Laptop,2,1247.27,0.1
ORD-0856,2023-10-02,Eve,East,Laptop,14,799.45,0.15
ORD-0857,2024-02-28,Carlos,West,Headset,19,543.03,0.05
ORD-0858,2024-07-02,Diana,South,Chair,12,1494.83,0.15
ORD-0859,2023-09-11,Frank,South,Desk,20,1299.04,0.2
ORD-0860,2023-03-08,Bob,East,Chair,9,308.09,0.05
ORD-0861,2023-10-10,Eve,West,Desk,18,1483.14,0
ORD-0862,2024-05-06,Eve,South,Chair,20,225.2,0.05
ORD-0863,2023-01-11,Carlos,East,Headset,17,617.12,0.1
ORD-0864,2024-09-21,Carlos,South,Chair,8,495.26,0.05
ORD-0865,2024-05-22,Alice,North,Monitor,15,478.57,0.05
ORD-0866,2024-04-16,Alice,South,Webcam,20,842.16,0.05
ORD-0867,2024-07-06,Frank,West,Mouse,15,703.09,0
ORD-0868,2023-01-26,Carlos,East,Chair,16,331.73,0.15
ORD-0869,2024-02-25,Alice,North,Mouse,17,735.66,0.1
ORD-0870,2023-06-07,Frank,North,Chair,15,1013.77,0.05
ORD-0871,2023-02-15,Diana,East,Keyboard,10,1249.73,0.05
ORD-0872,2023-10-31,Carlos,West,Mouse,19,245.9,0.05
ORD-0873,2023-04-28,Diana,West,Headset,14,980.04,0.2
ORD-0874,2023-05-24,Carlos,North,Desk,19,830.84,0
ORD-0875,2024-06-18,Diana,East,Laptop,6,53.35,0.2
ORD-0876,2024-12-27,Alice,West,Keyboard,3,479.43,0.2
ORD-0877,2023-06-15,Frank,North,Chair,8,502.06,0.1
ORD-0878,2024-08-23,Bob,West,Laptop,10,140.02,0
ORD-0879,2024-10-26,Alice,East,Monitor,13,265.8,0
ORD-0880,2023-10-16,Diana,West,Webcam,2,1015.97,0.15
ORD-0881,2023-11-25,Alice,South,Monitor,6,57.45,0.05
ORD-0882,2024-05-30,Bob,North,Webcam,3,883.38,0.05
ORD-0883,2023-02-06,Diana,South,Desk,3,1394.31,0
ORD-0884,2024-12-15,Carlos,West,Desk,9,1026.03,0.05
ORD-0885,2024-03-13,Frank,West,Headset,18,1256.54,0
ORD-0886,2023-03-17,Eve,North,Headset,20,716.98,0.15
ORD-0887,2023-08-08,Carlos,West,Chair,1,694.87,0.15
ORD-0888,2023-02-18,Diana,North,Mouse,8,80.95,0.1
ORD-0889,2023-07-27,Diana,South,Webcam,3,1283.06,0.1
ORD-0890,2024-02-28,Alice,North,Monitor,17,557.44,0.1
ORD-0891,2024-10-02,Frank,South,Monitor,16,1358.65,0.15
ORD-0892,2024-08-15,Bob,East,Mouse,1,944.73,0.1
ORD-0893,2023-06-01,Diana,West,Laptop,3,1012.09,0.05
ORD-0894,2023-11-17,Bob,North,Mouse,3,882.64,0.05
ORD-0895,2024-09-24,Frank,North,Chair,20,440.1,0.2
ORD-0896,2023-04-03,Carlos,West,Webcam,15,756.65,0.15
ORD-0897,2023-04-05,Frank,East,Keyboard,8,354.55,0.1
ORD-0898,2023-11-21,Eve,West,Monitor,9,980.31,0
ORD-0899,2024-07-31,Alice,North,Laptop,14,1031.82,0.05
ORD-0900,2023-05-10,Diana,South,Keyboard,1,988.86,0.2
ORD-0901,2024-04-04,Carlos,South,Laptop,2,276.44,0
ORD-0902,2024-02-24,Carlos,South,Desk,19,322.31,0.05
ORD-0903,2023-09-24,Carlos,North,Webcam,3,1140.91,0
ORD-0904,2023-02-16,Eve,North,Monitor,2,566.43,0.05
ORD-0905,2023-07-30,Frank,South,Mouse,16,978.97,0
ORD-0906,2024-11-23,Bob,East,Keyboard,3,509.84,0.15
ORD-0907,2023-04-03,Carlos,North,Headset,20,1226.64,0.1
ORD-0908,2024-12-15,Bob,North,Webcam,10,315.73,0
ORD-0909,2023-11-20,Frank,North,Keyboard,10,196.85,0.2
ORD-0910,2023-04-15,Bob,West,Keyboard,9,1001.78,0.15
ORD-0911,2024-09-17,Bob,East,Mouse,14,832.94,0.1
ORD-0912,2024-02-06,Alice,North,Monitor,7,774.08,0.05
ORD-0913,2024-04-29,Alice,South,Mouse,12,1490.7,0.15
ORD-0914,2024-07-07,Carlos,West,Mouse,5,1321.86,0.05
ORD-0915,2024-08-04,Bob,West,Monitor,13,1106.67,0.05
ORD-0916,2024-08-30,Carlos,South,Monitor,2,863.84,0
ORD-0917,2024-11-26,Frank,South,Keyboard,10,245.34,0.2
ORD-0918,2023-09-18,Carlos,West,Monitor,17,664.06,0.15
ORD-0919,2024-12-05,Bob,East,Laptop,5,605.79,0.2
ORD-0920,2023-02-22,Diana,North,Headset,17,622.5,0
ORD-0921,2023-07-24,Eve,North,Desk,13,134.3,0.1
ORD-0922,2024-11-02,Alice,North,Mouse,12,1389.82,0.2
ORD-0923,2023-11-03,Diana,North,Headset,6,935.74,0
ORD-0924,2023-10-26,Diana,South,Mouse,17,640.36,0
ORD-0925,2024-07-04,Alice,South,Laptop,7,533.17,0.1
ORD-0926,2024-12-23,Bob,East,Monitor,12,1234.04,0.05
ORD-0927,2024-11-17,Eve,West,Headset,14,606.75,0
ORD-0928,2024-08-15,Frank,South,Mouse,4,463.15,0.05
ORD-0929,2023-09-05,Carlos,North,Monitor,11,1316.74,0.2
ORD-0930,2024-05-17,Alice,South,Desk,20,1326.34,0.1
ORD-0931,2024-09-04,Alice,East,Headset,20,167.55,0
ORD-0932,2023-12-27,Diana,East,Laptop,8,166.61,0.15
ORD-0933,2023-10-09,Carlos,South,Webcam,19,468.72,0.15
ORD-0934,2023-03-15,Eve,East,Mouse,20,694.2,0
ORD-0935,2023-04-30,Carlos,North,Keyboard,2,590.94,0
ORD-0936,2024-04-21,Eve,South,Keyboard,3,641.03,0.1
ORD-0937,2024-07-19,Alice,East,Monitor,16,735.61,0.15
ORD-0938,2024-08-14,Eve,South,Desk,10,247.44,0.15
ORD-0939,2023-09-03,Alice,East,Mouse,6,1397.62,0.15
ORD-0940,2023-08-07,Alice,East,Chair,9,77.69,0.1
ORD-0941,2024-02-26,Bob,South,Desk,10,555.14,0.2
ORD-0942,2023-04-04,Diana,North,Webcam,5,1461.45,0.15
ORD-0943,2024-11-30,Bob,South,Webcam,1,749.48,0.1
ORD-0944,2024-04-24,Carlos,North,Desk,3,374.81,0.05
ORD-0945,2023-02-04,Carlos,South,Laptop,7,283.83,0
ORD-0946,2024-02-23,Frank,South,Desk,5,1377.03,0.05
ORD-0947,2024-01-24,Eve,East,Chair,12,773.43,0.15
ORD-0948,2023-12-14,Diana,South,Monitor,4,467.41,0.1
ORD-0949,2023-09-18,Frank,South,Monitor,17,1341.15,0.2
ORD-0950,2023-03-10,Alice,East,Mouse,8,233.94,0.05
ORD-0951,2024-03-24,Eve,South,Mouse,18,573.78,0
ORD-0952,2023-01-15,Eve,South,Keyboard,8,150.45,0.1
ORD-0953,2024-11-06,Eve,South,Desk,19,1173.69,0
ORD-0954,2023-03-16,Eve,West,Laptop,10,595.57,0.1
ORD-0955,2024-03-23,Diana,East,Headset,16,451.88,0.1
ORD-0956,2023-02-11,Frank,West,Desk,13,1371.1,0.05
ORD-0957,2024-05-27,Carlos,West,Mouse,18,682.51,0.15
ORD-0958,2024-04-14,Bob,South,Chair,8,1048.35,0.1
ORD-0959,2023-12-22,Bob,North,Keyboard,18,246.24,0.05
ORD-0960,2023-05-27,Frank,East,Keyboard,17,123.52,0.2
ORD-0961,2023-02-11,Frank,West,Monitor,20,542.9,0.05
ORD-0962,2023-05-07,Alice,West,Desk,7,1312.54,0.1
ORD-0963,2024-09-23,Carlos,East,Keyboard,11,209.62,0.2
ORD-0964,2024-12-05,Carlos,East,Mouse,18,942.28,0.1
ORD-0965,2024-02-25,Eve,South,Headset,13,826.48,0
ORD-0966,2023-06-30,Diana,West,Desk,13,1013.18,0.15
ORD-0967,2023-07-23,Diana,East,Desk,3,220.46,0.1
ORD-0968,2024-05-19,Eve,East,Keyboard,11,92.02,0.2
ORD-0969,2023-05-21,Frank,North,Headset,8,1483.24,0.15
ORD-0970,2024-08-16,Diana,North,Chair,3,836.9,0.05
ORD-0971,2024-12-03,Alice,South,Keyboard,11,707.91,0.1
ORD-0972,2023-09-12,Frank,West,Mouse,4,47.41,0.1
ORD-0973,2024-06-23,Eve,North,Webcam,9,946.4,0.1
ORD-0974,2024-03-12,Eve,North,Headset,8,917.04,0.1
ORD-0975,2024-10-14,Frank,West,Chair,2,506.15,0.05
ORD-0976,2024-05-29,Alice,South,Monitor,1,1182.72,0.2
ORD-0977,2023-11-06,Eve,East,Laptop,15,1139.0,0
ORD-0978,2024-10-05,Diana,West,Laptop,12,1375.96,0.2
ORD-0979,2024-01-03,Bob,North,Chair,6,298.47,0.1
ORD-0980,2023-01-12,Eve,North,Laptop,15,1173.9,0.2
ORD-0981,2023-02-13,Carlos,West,Monitor,5,410.68,0.05
ORD-0982,2023-12-09,Carlos,South,Desk,18,124.98,0.15
ORD-0983,2023-02-26,Eve,East,Laptop,17,57.55,0.05
ORD-0984,2023-12-22,Frank,West,Desk,14,1360.17,0.05
ORD-0985,2024-12-12,Eve,South,Chair,10,873.84,0
ORD-0986,2024-08-17,Carlos,West,Webcam,15,967.01,0.2
ORD-0987,2024-08-01,Eve,East,Chair,12,1035.05,0.2
ORD-0988,2023-08-07,Bob,South,Webcam,5,320.67,0.15
ORD-0989,2024-02-03,Frank,South,Laptop,1,532.23,0.15
ORD-0990,2024-10-08,Bob,West,Laptop,16,266.93,0.15
ORD-0991,2023-08-02,Frank,North,Laptop,4,1008.48,0.05
ORD-0992,2023-05-03,Diana,North,Headset,18,627.59,0.05
ORD-0993,2024-03-20,Bob,West,Mouse,13,81.62,0.1
ORD-0994,2023-10-08,Alice,West,Chair,8,585.05,0.05
ORD-0995,2024-07-30,Carlos,East,Keyboard,9,785.93,0.05
ORD-0996,2023-04-30,Carlos,South,Laptop,5,1257.11,0
ORD-0997,2023-11-26,Diana,South,Keyboard,16,387.81,0.2
ORD-0998,2024-12-02,Carlos,West,Monitor,18,744.6,0.05
ORD-0999,2023-06-16,Eve,East,Headset,6,542.1,0.15
ORD-1000,2023-11-17,Diana,East,Headset,7,1380.72,0.05
